Gouvernorat,Etablissement,Filière,Code_Filiere,Section_Bac,Score_2022,Score_2023,Score_2024,code_etablissement,inscrits_2021,inscrits_2022,inscrits_2023
Tunis,Faculté de Médecine de Tunis,Médecine,101,S,3.15,3.22,3.28,101,940.0,1528.0,1507.0
Tunis,Faculté de Médecine de Tunis,Médecine,101,M,3.1,3.18,3.25,101,940.0,1528.0,1507.0
Tunis,Faculté de Médecine de Tunis,Pharmacie,102,S,3.05,3.1,3.15,102,472.0,459.0,626.0
Tunis,Faculté de Médecine de Tunis,Pharmacie,102,M,2.98,3.02,3.08,102,472.0,459.0,626.0
Tunis,Faculté de Médecine de Tunis,Médecine Dentaire,103,S,2.95,3.0,3.05,103,210.0,252.0,251.0
Tunis,Faculté des Sciences de Tunis,Licence Informatique,201,M,2.45,2.52,2.58,201,3825.0,5502.0,4922.0
Tunis,Faculté des Sciences de Tunis,Licence Informatique,201,I,2.3,2.35,2.42,201,3825.0,5502.0,4922.0
Tunis,Faculté des Sciences de Tunis,Licence Mathématiques,202,M,2.6,2.65,2.7,202,227.0,245.0,286.0
Tunis,Faculté des Sciences de Tunis,Licence Physique,203,S,2.15,2.2,2.25,203,317.0,339.0,310.0
Tunis,Faculté des Sciences de Tunis,Licence Physique,203,M,2.2,2.25,2.3,203,317.0,339.0,310.0
Tunis,Faculté des Sciences de Tunis,Licence Chimie,204,S,1.95,2.0,2.05,204,1051.0,1145.0,1169.0
Tunis,Faculté des Sciences de Tunis,Licence Biologie,205,S,2.1,2.15,2.22,205,195.0,178.0,173.0
Tunis,Faculté des Sciences de Tunis,Licence Géologie,206,S,1.75,1.8,1.85,206,569.0,569.0,613.0
Tunis,ENIT,Cycle Préparatoire Ingénieur,301P,M,2.8,2.85,2.9,301,6705.0,6484.0,6620.0
Tunis,ENIT,Cycle Préparatoire Ingénieur,301P,T,2.7,2.75,2.82,301,6705.0,6484.0,6620.0
Tunis,ENIT,Cycle Préparatoire Ingénieur,301P,S,2.72,2.78,2.85,301,6705.0,6484.0,6620.0
Tunis,ENIT,Cycle Ingénieur Génie Civil,302,M,2.65,2.7,2.76,302,4831.0,4532.0,4252.0
Tunis,ENIT,Cycle Ingénieur Génie Civil,302,T,2.55,2.6,2.68,302,4831.0,4532.0,4252.0
Tunis,ESSECT,Licence Gestion,401,E,1.85,1.9,1.95,401,2007.0,2662.0,2845.0
Tunis,ESSECT,Licence Finance,402,E,2.0,2.05,2.1,402,2065.0,2138.0,2030.0
Tunis,ESSECT,Licence Commerce International,403,E,1.9,1.95,2.0,403,2506.0,3291.0,3402.0
Tunis,ESSECT,Licence Marketing,404,E,1.8,1.85,1.92,404,2521.0,2527.0,1669.0
Tunis,ENSI,Cycle Ingénieur Informatique,405,M,2.9,2.95,3.0,405,683.0,493.0,645.0
Tunis,ENSI,Cycle Ingénieur Informatique,405,I,2.75,2.8,2.88,405,683.0,493.0,645.0
Tunis,ENSIT,Cycle Ingénieur Textile,406,T,2.1,2.15,2.22,406,591.0,355.0,520.0
Tunis,ENSIT,Cycle Ingénieur Mécanique,407,T,2.2,2.25,2.3,407,2084.0,2269.0,2250.0
Tunis,ENSIT,Cycle Ingénieur Mécanique,407,M,2.3,2.35,2.4,407,2084.0,2269.0,2250.0
Tunis,IPEST,Classe Préparatoire MP,408P,M,3.0,3.05,3.1,408,1076.0,1405.0,1420.0
Tunis,IPEST,Classe Préparatoire PC,409P,S,2.85,2.9,2.95,409,897.0,968.0,1105.0
Tunis,IPEST,Classe Préparatoire PC,409P,M,2.88,2.92,2.98,409,897.0,968.0,1105.0
Tunis,ISG Tunis,Licence Informatique de Gestion,410,E,2.05,2.1,2.15,410,2012.0,2417.0,2642.0
Tunis,ISG Tunis,Licence Informatique de Gestion,410,M,2.15,2.2,2.25,410,2012.0,2417.0,2642.0
Tunis,ISG Tunis,Licence Comptabilité,411,E,1.95,2.0,2.05,411,697.0,771.0,820.0
Tunis,ISBST,Licence Biotechnologie,412,S,2.25,2.3,2.35,412,748.0,899.0,895.0
Tunis,Faculté de Droit de Tunis,Licence Droit Privé,413,L,1.6,1.65,1.7,413,64.0,98.0,88.0
Tunis,Faculté de Droit de Tunis,Licence Droit Public,414,L,1.55,1.6,1.65,414,245.0,273.0,411.0
Tunis,Faculté de Droit de Tunis,Licence Sciences Politiques,415,L,1.7,1.75,1.8,415,1192.0,1379.0,1586.0
Tunis,FLAHM,Licence Langue Française,416,L,1.45,1.5,1.55,416,515.0,693.0,729.0
Tunis,FLAHM,Licence Langue Anglaise,417,L,1.65,1.7,1.75,417,683.0,652.0,716.0
Tunis,FLAHM,Licence Histoire,418,L,1.3,1.35,1.4,418,793.0,957.0,869.0
Tunis,FLAHM,Licence Philosophie,419,L,1.25,1.3,1.35,419,783.0,784.0,620.0
Tunis,ISSEP Tunis,Licence STAPS,420,SP,1.4,1.45,1.5,420,244.0,254.0,259.0
Tunis,ISSEP Tunis,Licence Entraînement Sportif,421,SP,1.35,1.4,1.45,421,508.0,413.0,466.0
Tunis,ISAMM,Licence Multimédia,422,I,2.1,2.15,2.2,422,1669.0,1763.0,1803.0
Tunis,ISAMM,Licence Journalisme,423,L,1.7,1.75,1.82,423,578.0,644.0,549.0
Tunis,ESPRIT,Cycle Ingénieur Informatique,424,M,2.4,2.45,2.52,424,230.0,236.0,265.0
Tunis,ESPRIT,Cycle Ingénieur Informatique,424,I,2.25,2.3,2.38,424,230.0,236.0,265.0
Tunis,ESPRIT,Cycle Ingénieur Télécommunications,425,M,2.35,2.4,2.48,425,185.0,203.0,197.0
Tunis,ESPRIT,Cycle Ingénieur Génie Civil,426,T,2.15,2.2,2.28,426,199.0,233.0,215.0
Ariana,INSAT,Cycle Ingénieur Informatique,1501,M,2.85,2.9,2.96,150,1266.0,1423.0,1423.0
Ariana,INSAT,Cycle Ingénieur Informatique,1501,I,2.7,2.75,2.82,150,1266.0,1423.0,1423.0
Ariana,INSAT,Cycle Ingénieur Réseaux,1502,M,2.7,2.75,2.8,150,1266.0,1423.0,1423.0
Ariana,INSAT,Cycle Ingénieur Biologie,1503,S,2.6,2.65,2.72,150,1266.0,1423.0,1423.0
Ariana,INSAT,Cycle Ingénieur Chimie Industrielle,1504,S,2.45,2.5,2.55,150,1266.0,1423.0,1423.0
Ariana,ENAU,Architecture,1505,M,2.55,2.6,2.68,150,1266.0,1423.0,1423.0
Ariana,ENAU,Architecture,1505,T,2.45,2.5,2.58,150,1266.0,1423.0,1423.0
Ariana,Faculté des Sciences de Tunis El Manar,Licence Informatique,1506,M,2.35,2.4,2.48,150,1266.0,1423.0,1423.0
Ariana,Faculté des Sciences de Tunis El Manar,Licence Informatique,1506,I,2.2,2.25,2.32,150,1266.0,1423.0,1423.0
Ariana,SUPCOM,Cycle Ingénieur Télécommunications,1507,M,3.05,3.1,3.15,150,1266.0,1423.0,1423.0
Ariana,SUPCOM,Cycle Ingénieur Télécommunications,1507,I,2.9,2.95,3.02,150,1266.0,1423.0,1423.0
Ariana,ESC,Licence Commerce,1508,E,1.8,1.85,1.9,150,1266.0,1423.0,1423.0
Ariana,ESC,Licence Logistique,1509,E,1.75,1.8,1.85,150,1266.0,1423.0,1423.0
Ben Arous,ESSTT,Cycle Ingénieur Génie Électrique,1601,T,2.3,2.35,2.42,160,1266.0,1423.0,1423.0
Ben Arous,ESSTT,Cycle Ingénieur Génie Électrique,1601,M,2.4,2.45,2.5,160,1266.0,1423.0,1423.0
Ben Arous,ESSTT,Licence Électromécanique,1602,T,1.9,1.95,2.02,160,1266.0,1423.0,1423.0
Ben Arous,ESSTT,Licence Génie Informatique,1603,M,2.2,2.25,2.3,160,1266.0,1423.0,1423.0
Ben Arous,ESSTT,Licence Génie Informatique,1603,I,2.05,2.1,2.18,160,1266.0,1423.0,1423.0
Ben Arous,ISET Ben Arous,Licence Appliquée Informatique,1604,M,1.8,1.85,1.92,160,1266.0,1423.0,1423.0
Ben Arous,ISET Ben Arous,Licence Appliquée Informatique,1604,I,1.65,1.7,1.78,160,1266.0,1423.0,1423.0
Ben Arous,ISET Ben Arous,Licence Génie Mécanique,1605,T,1.7,1.75,1.82,160,1266.0,1423.0,1423.0
Ben Arous,ISET Ben Arous,Licence Maintenance Industrielle,1606,T,1.6,1.65,1.72,160,1266.0,1423.0,1423.0
Ben Arous,ISI,Cycle Ingénieur Informatique,1607,M,2.65,2.7,2.78,160,1266.0,1423.0,1423.0
Ben Arous,ISI,Cycle Ingénieur Informatique,1607,I,2.5,2.55,2.62,160,1266.0,1423.0,1423.0
Manouba,ENIG,Cycle Ingénieur Génie Industriel,1701,M,2.45,2.5,2.58,170,1266.0,1423.0,1423.0
Manouba,ENIG,Cycle Ingénieur Génie Industriel,1701,T,2.35,2.4,2.48,170,1266.0,1423.0,1423.0
Manouba,Faculté des Lettres de Manouba,Licence Langue Arabe,1702,L,1.2,1.25,1.3,170,1266.0,1423.0,1423.0
Manouba,Faculté des Lettres de Manouba,Licence Langue Française,1703,L,1.35,1.4,1.45,170,1266.0,1423.0,1423.0
Manouba,Faculté des Lettres de Manouba,Licence Civilisation,1704,L,1.15,1.2,1.25,170,1266.0,1423.0,1423.0
Manouba,ISCAE,Licence Comptabilité,1705,E,1.9,1.95,2.0,170,1266.0,1423.0,1423.0
Manouba,ISCAE,Licence Management,1706,E,1.85,1.9,1.95,170,1266.0,1423.0,1423.0
Manouba,ISCAE,Licence Marketing Digital,1707,E,1.82,1.88,1.92,170,1266.0,1423.0,1423.0
Manouba,ESPA,Licence Sciences Politiques,1708,L,1.55,1.6,1.65,170,1266.0,1423.0,1423.0
Manouba,IPSI,Licence Presse,1709,L,1.5,1.55,1.62,170,1266.0,1423.0,1423.0
Manouba,IPSI,Licence Communication,1710,L,1.55,1.6,1.68,171,1266.0,1423.0,1423.0
Nabeul,ISSAT Nabeul,Licence Génie Logiciel,1001,M,2.1,2.15,2.22,100,1266.0,1423.0,1423.0
Nabeul,ISSAT Nabeul,Licence Génie Logiciel,1001,I,1.95,2.0,2.08,100,1266.0,1423.0,1423.0
Nabeul,ISSAT Nabeul,Licence Génie Civil,1002,T,1.8,1.85,1.92,100,1266.0,1423.0,1423.0
Nabeul,ISSAT Nabeul,Licence Génie Mécanique,1003,T,1.75,1.8,1.88,100,1266.0,1423.0,1423.0
Nabeul,ISSAT Nabeul,Licence Génie Électrique,1004,T,1.7,1.75,1.82,100,1266.0,1423.0,1423.0
Nabeul,ISSAT Nabeul,Cycle Préparatoire Ingénieur,1005P,M,2.3,2.35,2.42,100,1266.0,1423.0,1423.0
Nabeul,ISSAT Nabeul,Cycle Préparatoire Ingénieur,1005P,T,2.2,2.25,2.32,100,1266.0,1423.0,1423.0
Nabeul,Faculté des Sciences de Nabeul,Licence Informatique,1006,M,2.0,2.05,2.12,100,1266.0,1423.0,1423.0
Nabeul,Faculté des Sciences de Nabeul,Licence Informatique,1006,I,1.85,1.9,1.98,100,1266.0,1423.0,1423.0
Nabeul,Faculté des Sciences de Nabeul,Licence Mathématiques,1007,M,2.15,2.2,2.28,100,1266.0,1423.0,1423.0
Nabeul,Faculté des Sciences de Nabeul,Licence Biologie,1008,S,1.65,1.7,1.78,100,1266.0,1423.0,1423.0
Nabeul,ISET Nabeul,Licence Appliquée en TIC,1009,I,1.6,1.65,1.72,100,1266.0,1423.0,1423.0
Nabeul,ISET Nabeul,Licence Appliquée Commerce,1010,E,1.45,1.5,1.58,101,940.0,1528.0,1507.0
Zaghouan,ISSAT Zaghouan,Licence Génie Mécanique,2101,T,1.7,1.75,1.8,210,390.0,355.0,319.0
Zaghouan,ISSAT Zaghouan,Licence Génie Électrique,2102,T,1.65,1.7,1.75,210,390.0,355.0,319.0
Zaghouan,ISSAT Zaghouan,Licence Informatique Industrielle,2103,M,1.8,1.85,1.92,210,390.0,355.0,319.0
Zaghouan,ISSAT Zaghouan,Licence Informatique Industrielle,2103,I,1.65,1.7,1.78,210,390.0,355.0,319.0
Zaghouan,ISSAT Zaghouan,Licence Génie Énergétique,2104,T,1.6,1.65,1.72,210,390.0,355.0,319.0
Zaghouan,ISSAT Zaghouan,Cycle Préparatoire Ingénieur,2105P,M,2.05,2.1,2.18,210,390.0,355.0,319.0
Zaghouan,ISSAT Zaghouan,Cycle Préparatoire Ingénieur,2105P,T,1.95,2.0,2.08,210,390.0,355.0,319.0
Bizerte,Faculté des Sciences de Bizerte,Licence Informatique,1101,M,2.0,2.05,2.12,110,1266.0,1423.0,1423.0
Bizerte,Faculté des Sciences de Bizerte,Licence Informatique,1101,I,1.85,1.9,1.98,110,1266.0,1423.0,1423.0
Bizerte,Faculté des Sciences de Bizerte,Licence Biologie,1102,S,1.55,1.6,1.68,110,1266.0,1423.0,1423.0
Bizerte,Faculté des Sciences de Bizerte,Licence Mathématiques,1103,M,2.1,2.15,2.22,110,1266.0,1423.0,1423.0
Bizerte,Faculté des Sciences de Bizerte,Licence Physique,1104,S,1.6,1.65,1.72,110,1266.0,1423.0,1423.0
Bizerte,Faculté des Sciences de Bizerte,Licence Chimie,1105,S,1.5,1.55,1.62,110,1266.0,1423.0,1423.0
Bizerte,ISET Bizerte,Licence Appliquée Informatique,1106,M,1.7,1.75,1.82,110,1266.0,1423.0,1423.0
Bizerte,ISET Bizerte,Licence Appliquée Informatique,1106,I,1.55,1.6,1.68,110,1266.0,1423.0,1423.0
Bizerte,ISET Bizerte,Licence Génie Mécanique,1107,T,1.5,1.55,1.62,110,1266.0,1423.0,1423.0
Bizerte,ISSEP Bizerte,Licence STAPS,1108,SP,1.2,1.25,1.3,110,1266.0,1423.0,1423.0
Bizerte,ISLT Bizerte,Licence Langues Appliquées,1109,L,1.3,1.35,1.42,110,1266.0,1423.0,1423.0
Béja,ISAB,Licence Agronomie,2001,S,1.4,1.45,1.52,200,1266.0,1423.0,1423.0
Béja,ISAB,Licence Industries Alimentaires,2002,S,1.35,1.4,1.48,200,1266.0,1423.0,1423.0
Béja,ISAB,Licence Génie Rural,2003,T,1.3,1.35,1.42,200,1266.0,1423.0,1423.0
Béja,ISL Béja,Licence Droit,2004,L,1.15,1.2,1.28,200,1266.0,1423.0,1423.0
Béja,ISL Béja,Licence Langues,2005,L,1.1,1.15,1.22,200,1266.0,1423.0,1423.0
Béja,ISET Béja,Licence Appliquée Informatique,2006,M,1.45,1.5,1.58,200,1266.0,1423.0,1423.0
Béja,ISET Béja,Licence Appliquée Informatique,2006,I,1.3,1.35,1.42,200,1266.0,1423.0,1423.0
Jendouba,ISSHJ,Licence Sciences Humaines,1501J,L,1.2,1.25,1.3,150,1266.0,1423.0,1423.0
Jendouba,ISSHJ,Licence Sociologie,1502J,L,1.15,1.2,1.25,150,1266.0,1423.0,1423.0
Jendouba,FSJEGJ,Licence Économie,1503J,E,1.25,1.3,1.35,150,1266.0,1423.0,1423.0
Jendouba,FSJEGJ,Licence Gestion,1504J,E,1.2,1.25,1.32,150,1266.0,1423.0,1423.0
Jendouba,FSJEGJ,Licence Droit,1505J,L,1.18,1.22,1.28,150,1266.0,1423.0,1423.0
Jendouba,ISA Tabarka,Licence Sciences Agronomiques,1506J,S,1.3,1.35,1.42,150,1266.0,1423.0,1423.0
Jendouba,ISET Jendouba,Licence Appliquée Informatique,1507J,M,1.35,1.4,1.48,150,1266.0,1423.0,1423.0
Jendouba,ISET Jendouba,Licence Appliquée Informatique,1507J,I,1.2,1.25,1.32,150,1266.0,1423.0,1423.0
Le Kef,ISEK,Licence Économie,2201,E,1.15,1.2,1.25,220,1266.0,1423.0,1423.0
Le Kef,ISEK,Licence Informatique de Gestion,2202,E,1.2,1.25,1.32,220,1266.0,1423.0,1423.0
Le Kef,ISEK,Licence Informatique de Gestion,2202,M,1.35,1.4,1.48,220,1266.0,1423.0,1423.0
Le Kef,IHET Kef,Licence Comptabilité,2203,E,1.18,1.22,1.28,220,1266.0,1423.0,1423.0
Le Kef,ISBK,Licence Biologie,2204,S,1.25,1.3,1.38,220,1266.0,1423.0,1423.0
Le Kef,ISBK,Licence Sciences de la Vie,2205,S,1.2,1.25,1.32,220,1266.0,1423.0,1423.0
Siliana,ISSAS,Licence Sport,1901,SP,1.1,1.15,1.22,190,1266.0,1423.0,1423.0
Siliana,ISSAS,Licence Entraînement Sportif,1902,SP,1.05,1.1,1.18,190,1266.0,1423.0,1423.0
Siliana,ISSAS,Licence Activités Physiques Adaptées,1903,SP,1.08,1.12,1.2,190,1266.0,1423.0,1423.0
Siliana,ISET Siliana,Licence Appliquée Informatique,1904,M,1.3,1.35,1.42,190,1266.0,1423.0,1423.0
Siliana,ISET Siliana,Licence Appliquée Informatique,1904,I,1.15,1.2,1.28,190,1266.0,1423.0,1423.0
Siliana,ISET Siliana,Licence Génie Électrique,1905,T,1.25,1.3,1.38,190,1266.0,1423.0,1423.0
Sousse,Faculté de Médecine de Sousse,Médecine,501,S,3.0,3.08,3.12,501,3406.0,4112.0,3813.0
Sousse,Faculté de Médecine de Sousse,Médecine,501,M,2.95,3.02,3.08,501,3406.0,4112.0,3813.0
Sousse,Faculté de Médecine de Sousse,Médecine Dentaire,502,S,2.9,2.95,3.0,502,515.0,488.0,401.0
Sousse,Faculté de Médecine de Sousse,Pharmacie,503,S,2.85,2.9,2.95,503,257.0,261.0,215.0
Sousse,ENISO,Cycle Ingénieur Informatique,601,M,2.5,2.55,2.6,601,3640.0,4068.0,4504.0
Sousse,ENISO,Cycle Ingénieur Informatique,601,I,2.35,2.4,2.48,601,3640.0,4068.0,4504.0
Sousse,ENISO,Cycle Ingénieur Mécatronique,602E,M,2.4,2.45,2.52,602,90.0,82.0,73.0
Sousse,ENISO,Cycle Ingénieur Mécatronique,602E,T,2.3,2.35,2.42,602,90.0,82.0,73.0
Sousse,ENISO,Cycle Ingénieur Télécommunications,603E,M,2.45,2.5,2.55,603,68.0,65.0,92.0
Sousse,ISG Sousse,Licence Informatique de Gestion,604,E,1.7,1.75,1.82,604,248.0,335.0,413.0
Sousse,ISG Sousse,Licence Comptabilité,605,E,1.75,1.8,1.85,605,562.0,557.0,524.0
Sousse,ISG Sousse,Licence Finance,606,E,1.8,1.85,1.9,606,1427.0,1564.0,1432.0
Sousse,Faculté des Sciences de Sousse,Licence Informatique,607,M,2.2,2.25,2.32,607,953.0,925.0,1052.0
Sousse,Faculté des Sciences de Sousse,Licence Informatique,607,I,2.05,2.1,2.18,607,953.0,925.0,1052.0
Sousse,Faculté des Sciences de Sousse,Licence Physique,608,S,1.75,1.8,1.88,608,377.0,414.0,467.0
Sousse,Faculté des Sciences de Sousse,Licence Biologie,609,S,1.8,1.85,1.92,609,748.0,1183.0,1077.0
Sousse,Faculté de Droit de Sousse,Licence Droit,610,L,1.5,1.55,1.62,610,276.0,281.0,291.0
Sousse,Faculté de Droit de Sousse,Licence Sciences Politiques,611,L,1.55,1.6,1.68,611,1476.0,1329.0,1254.0
Sousse,ISSEP Sousse,Licence STAPS,612,SP,1.25,1.3,1.35,612,199.0,214.0,177.0
Sousse,ISET Sousse,Licence Appliquée Informatique,613,M,1.85,1.9,1.98,613,217.0,197.0,239.0
Sousse,ISET Sousse,Licence Appliquée Informatique,613,I,1.7,1.75,1.82,613,217.0,197.0,239.0
Monastir,Faculté de Médecine de Monastir,Médecine,901,S,2.98,3.05,3.1,901,1335.0,1754.0,1598.0
Monastir,Faculté de Médecine de Monastir,Médecine,901,M,2.92,2.98,3.05,901,1335.0,1754.0,1598.0
Monastir,Faculté de Médecine de Monastir,Pharmacie,902F,S,2.82,2.88,2.92,902,407.0,434.0,535.0
Monastir,ENIM,Cycle Préparatoire Ingénieur,903M,M,2.5,2.55,2.62,903,237.0,243.0,277.0
Monastir,ENIM,Cycle Préparatoire Ingénieur,903M,T,2.4,2.45,2.52,903,237.0,243.0,277.0
Monastir,ENIM,Cycle Ingénieur Génie Textile,904,T,2.15,2.2,2.28,904,947.0,1443.0,1578.0
Monastir,ISIMM,Licence Informatique,905,M,2.15,2.2,2.28,905,297.0,383.0,455.0
Monastir,ISIMM,Licence Informatique,905,I,2.0,2.05,2.12,905,297.0,383.0,455.0
Monastir,ISIMM,Licence Mathématiques Appliquées,906,M,2.25,2.3,2.35,906,926.0,1168.0,1410.0
Monastir,Faculté des Sciences de Monastir,Licence Physique,907,S,1.8,1.85,1.92,907,916.0,976.0,972.0
Monastir,Faculté des Sciences de Monastir,Licence Chimie,908,S,1.7,1.75,1.82,908,1620.0,2092.0,2353.0
Monastir,Faculté des Sciences de Monastir,Licence Biologie,909,S,1.85,1.9,1.95,909,189.0,253.0,300.0
Monastir,ISIG Monastir,Licence Informatique de Gestion,910,E,1.6,1.65,1.72,910,193.0,300.0,313.0
Monastir,ISSEP Monastir,Licence STAPS,911,SP,1.18,1.22,1.28,911,401.0,424.0,396.0
Monastir,ISET Monastir,Licence Appliquée Génie Mécanique,912,T,1.55,1.6,1.68,912,313.0,326.0,364.0
Monastir,ISET Monastir,Licence Appliquée Informatique,913,I,1.65,1.7,1.78,913,1266.0,1423.0,1423.0
Mahdia,ISG Mahdia,Licence Gestion,2301,E,1.4,1.45,1.5,230,1266.0,1423.0,1423.0
Mahdia,ISG Mahdia,Licence Informatique de Gestion,2302,E,1.45,1.5,1.55,230,1266.0,1423.0,1423.0
Mahdia,ISG Mahdia,Licence Informatique de Gestion,2302,M,1.6,1.65,1.72,230,1266.0,1423.0,1423.0
Mahdia,ISG Mahdia,Licence Commerce,2303,E,1.35,1.4,1.48,230,1266.0,1423.0,1423.0
Mahdia,ISET Mahdia,Licence Appliquée Informatique,2304,M,1.55,1.6,1.68,230,1266.0,1423.0,1423.0
Mahdia,ISET Mahdia,Licence Appliquée Informatique,2304,I,1.4,1.45,1.52,230,1266.0,1423.0,1423.0
Mahdia,ISET Mahdia,Licence Génie Mécanique,2305,T,1.45,1.5,1.58,230,1266.0,1423.0,1423.0
Mahdia,ISET Mahdia,Licence Génie Électrique,2306,T,1.4,1.45,1.52,230,1266.0,1423.0,1423.0
Sfax,Faculté de Médecine de Sfax,Médecine,701,S,2.95,3.0,3.08,701,1266.0,1423.0,1423.0
Sfax,Faculté de Médecine de Sfax,Médecine,701,M,2.88,2.95,3.02,701,1266.0,1423.0,1423.0
Sfax,Faculté de Médecine de Sfax,Pharmacie,702,S,2.78,2.85,2.9,702,2472.0,3345.0,3009.0
Sfax,Faculté de Médecine de Sfax,Médecine Dentaire,703,S,2.8,2.85,2.92,703,6187.0,6220.0,6780.0
Sfax,ENIS,Cycle Préparatoire Ingénieur,801,M,2.55,2.6,2.68,801,2495.0,3654.0,2984.0
Sfax,ENIS,Cycle Préparatoire Ingénieur,801,T,2.45,2.5,2.58,801,2495.0,3654.0,2984.0
Sfax,ENIS,Cycle Ingénieur Informatique,802S,M,2.48,2.52,2.6,802,2461.0,3116.0,3012.0
Sfax,ENIS,Cycle Ingénieur Informatique,802S,I,2.32,2.38,2.45,802,2461.0,3116.0,3012.0
Sfax,ENIS,Cycle Ingénieur Génie Électrique,803S,T,2.35,2.4,2.48,803,1266.0,1423.0,1423.0
Sfax,Faculté des Sciences de Sfax,Licence Physique,804,S,1.8,1.85,1.9,804,1324.0,1337.0,1318.0
Sfax,Faculté des Sciences de Sfax,Licence Chimie,805,S,1.65,1.7,1.75,805,2937.0,2819.0,2636.0
Sfax,Faculté des Sciences de Sfax,Licence Informatique,806,M,2.1,2.15,2.22,806,519.0,611.0,732.0
Sfax,Faculté des Sciences de Sfax,Licence Informatique,806,I,1.95,2.0,2.08,806,519.0,611.0,732.0
Sfax,Faculté des Sciences de Sfax,Licence Mathématiques,807,M,2.2,2.25,2.3,807,389.0,713.0,759.0
Sfax,Faculté des Sciences de Sfax,Licence Biologie,808,S,1.75,1.8,1.88,808,937.0,913.0,850.0
Sfax,ISBS,Licence Biotechnologie,809,S,2.0,2.05,2.12,809,741.0,906.0,863.0
Sfax,FSEGS,Licence Économie,810,E,1.55,1.6,1.65,810,1029.0,1032.0,1026.0
Sfax,FSEGS,Licence Gestion,811,E,1.6,1.65,1.72,811,708.0,828.0,834.0
Sfax,FSEGS,Licence Finance,812,E,1.65,1.7,1.78,812,1242.0,1463.0,1624.0
Sfax,FSJES Sfax,Licence Droit,813,L,1.4,1.45,1.52,813,988.0,941.0,1062.0
Sfax,ISSEP Sfax,Licence STAPS,814,SP,1.15,1.2,1.28,814,1080.0,1174.0,1316.0
Sfax,ISET Sfax,Licence Appliquée Informatique,815,M,1.75,1.8,1.88,815,963.0,956.0,1111.0
Sfax,ISET Sfax,Licence Appliquée Informatique,815,I,1.6,1.65,1.72,815,963.0,956.0,1111.0
Sfax,ISET Sfax,Licence Génie Mécanique,816,T,1.55,1.6,1.68,816,535.0,533.0,591.0
Kairouan,ISIGK,Licence Info de Gestion,1301,E,1.45,1.5,1.58,130,1266.0,1423.0,1423.0
Kairouan,ISIGK,Licence Info de Gestion,1301,M,1.6,1.65,1.72,130,1266.0,1423.0,1423.0
Kairouan,ISIGK,Licence Comptabilité,1302,E,1.4,1.45,1.52,130,1266.0,1423.0,1423.0
Kairouan,Faculté des Lettres de Kairouan,Licence Langue Arabe,1303,L,1.1,1.15,1.22,130,1266.0,1423.0,1423.0
Kairouan,Faculté des Lettres de Kairouan,Licence Langue Française,1304,L,1.2,1.25,1.32,130,1266.0,1423.0,1423.0
Kairouan,Faculté des Lettres de Kairouan,Licence Histoire,1305,L,1.05,1.1,1.18,130,1266.0,1423.0,1423.0
Kairouan,ISET Kairouan,Licence Appliquée Informatique,1306,M,1.4,1.45,1.52,130,1266.0,1423.0,1423.0
Kairouan,ISET Kairouan,Licence Appliquée Informatique,1306,I,1.25,1.3,1.38,130,1266.0,1423.0,1423.0
Kairouan,ISET Kairouan,Licence Génie Mécanique,1307,T,1.3,1.35,1.42,130,1266.0,1423.0,1423.0
Kairouan,ISET Kairouan,Licence Génie Électrique,1308,T,1.28,1.32,1.4,130,1266.0,1423.0,1423.0
Kasserine,ISIK,Licence Informatique,1601K,M,1.5,1.55,1.62,160,1266.0,1423.0,1423.0
Kasserine,ISIK,Licence Informatique,1601K,I,1.35,1.4,1.48,160,1266.0,1423.0,1423.0
Kasserine,ISIK,Licence Mathématiques,1602K,M,1.55,1.6,1.68,160,1266.0,1423.0,1423.0
Kasserine,ISET Kasserine,Licence Appliquée Informatique,1603K,M,1.3,1.35,1.42,160,1266.0,1423.0,1423.0
Kasserine,ISET Kasserine,Licence Appliquée Informatique,1603K,I,1.15,1.2,1.28,160,1266.0,1423.0,1423.0
Kasserine,ISET Kasserine,Licence Génie Mécanique,1604K,T,1.2,1.25,1.32,160,1266.0,1423.0,1423.0
Kasserine,ISLK,Licence Droit,1605K,L,1.05,1.1,1.18,160,1266.0,1423.0,1423.0
Kasserine,ISLK,Licence Langues,1606K,L,1.0,1.05,1.12,160,1266.0,1423.0,1423.0
Sidi Bouzid,ISET Sidi Bouzid,Licence Appliquée Informatique,2401,M,1.25,1.3,1.38,240,1266.0,1423.0,1423.0
Sidi Bouzid,ISET Sidi Bouzid,Licence Appliquée Informatique,2401,I,1.1,1.15,1.22,240,1266.0,1423.0,1423.0
Sidi Bouzid,ISET Sidi Bouzid,Licence Génie Mécanique,2402,T,1.2,1.25,1.32,240,1266.0,1423.0,1423.0
Sidi Bouzid,ISET Sidi Bouzid,Licence Génie Électrique,2403,T,1.15,1.2,1.28,240,1266.0,1423.0,1423.0
Sidi Bouzid,ISL Sidi Bouzid,Licence Droit,2404,L,1.0,1.05,1.12,240,1266.0,1423.0,1423.0
Sidi Bouzid,ISL Sidi Bouzid,Licence Économie,2405,E,1.05,1.1,1.18,240,1266.0,1423.0,1423.0
Gabès,ISIG Gabès,Licence Informatique,1201,M,1.75,1.8,1.88,120,1266.0,1423.0,1423.0
Gabès,ISIG Gabès,Licence Informatique,1201,I,1.6,1.65,1.72,120,1266.0,1423.0,1423.0
Gabès,ISIG Gabès,Licence Informatique de Gestion,1202,E,1.5,1.55,1.62,120,1266.0,1423.0,1423.0
Gabès,ENIG,Cycle Ingénieur Génie Chimique,1203,S,2.3,2.35,2.42,120,1266.0,1423.0,1423.0
Gabès,ENIG,Cycle Ingénieur Génie Chimique,1203,M,2.35,2.4,2.48,120,1266.0,1423.0,1423.0
Gabès,ENIG,Cycle Ingénieur Génie Civil,1204,T,2.15,2.2,2.28,120,1266.0,1423.0,1423.0
Gabès,ENIG,Cycle Ingénieur Génie Civil,1204,M,2.25,2.3,2.38,120,1266.0,1423.0,1423.0
Gabès,Faculté des Sciences de Gabès,Licence Physique,1205,S,1.5,1.55,1.62,120,1266.0,1423.0,1423.0
Gabès,Faculté des Sciences de Gabès,Licence Chimie,1206,S,1.45,1.5,1.58,120,1266.0,1423.0,1423.0
Gabès,Faculté des Sciences de Gabès,Licence Biologie,1207,S,1.55,1.6,1.68,120,1266.0,1423.0,1423.0
Gabès,ISET Gabès,Licence Appliquée Génie Mécanique,1208,T,1.4,1.45,1.52,120,1266.0,1423.0,1423.0
Gabès,ISET Gabès,Licence Appliquée Informatique,1209,I,1.35,1.4,1.48,120,1266.0,1423.0,1423.0
Médenine,ISI Médenine,Licence Informatique,1701,M,1.55,1.6,1.65,170,1266.0,1423.0,1423.0
Médenine,ISI Médenine,Licence Informatique,1701,I,1.4,1.45,1.52,170,1266.0,1423.0,1423.0
Médenine,ISI Médenine,Licence Mathématiques,1702M,M,1.6,1.65,1.72,170,1266.0,1423.0,1423.0
Médenine,IRA Médenine,Licence Sciences de l'Environnement,1703M,S,1.35,1.4,1.48,170,1266.0,1423.0,1423.0
Médenine,ISET Médenine,Licence Appliquée Informatique,1704M,M,1.4,1.45,1.52,170,1266.0,1423.0,1423.0
Médenine,ISET Médenine,Licence Appliquée Informatique,1704M,I,1.25,1.3,1.38,170,1266.0,1423.0,1423.0
Médenine,ISET Djerba,Licence Informatique Multimédia,1705M,I,1.5,1.55,1.62,170,1266.0,1423.0,1423.0
Médenine,ISET Djerba,Licence Tourisme,1706M,E,1.3,1.35,1.42,170,1266.0,1423.0,1423.0
Tataouine,ISET Tataouine,Licence Appliquée Informatique,2501,M,1.15,1.2,1.28,250,1266.0,1423.0,1423.0
Tataouine,ISET Tataouine,Licence Appliquée Informatique,2501,I,1.0,1.05,1.12,250,1266.0,1423.0,1423.0
Tataouine,ISET Tataouine,Licence Génie Électrique,2502,T,1.05,1.1,1.18,250,1266.0,1423.0,1423.0
Tataouine,ISL Tataouine,Licence Droit,2503,L,0.95,1.0,1.08,250,1266.0,1423.0,1423.0
Gafsa,ISG Gafsa,Licence Gestion,1401,E,1.35,1.4,1.48,140,1266.0,1423.0,1423.0
Gafsa,ISG Gafsa,Licence Comptabilité,1402,E,1.38,1.42,1.5,140,1266.0,1423.0,1423.0
Gafsa,ISG Gafsa,Licence Info de Gestion,1403,E,1.42,1.48,1.55,140,1266.0,1423.0,1423.0
Gafsa,ISG Gafsa,Licence Info de Gestion,1403,M,1.55,1.6,1.68,140,1266.0,1423.0,1423.0
Gafsa,Faculté des Sciences de Gafsa,Licence Informatique,1404,M,1.5,1.55,1.62,140,1266.0,1423.0,1423.0
Gafsa,Faculté des Sciences de Gafsa,Licence Informatique,1404,I,1.35,1.4,1.48,140,1266.0,1423.0,1423.0
Gafsa,Faculté des Sciences de Gafsa,Licence Mathématiques,1405,M,1.55,1.6,1.68,140,1266.0,1423.0,1423.0
Gafsa,Faculté des Sciences de Gafsa,Licence Physique,1406,S,1.3,1.35,1.42,140,1266.0,1423.0,1423.0
Gafsa,ISET Gafsa,Licence Appliquée Génie Minier,1407,T,1.25,1.3,1.38,140,1266.0,1423.0,1423.0
Gafsa,ISET Gafsa,Licence Appliquée Informatique,1408,I,1.2,1.25,1.32,140,1266.0,1423.0,1423.0
Tozeur,ISLT Tozeur,Licence Langues,1801,L,1.15,1.2,1.28,180,1266.0,1423.0,1423.0
Tozeur,ISLT Tozeur,Licence Langue Anglaise,1802,L,1.2,1.25,1.32,180,1266.0,1423.0,1423.0
Tozeur,ISLT Tozeur,Licence Traduction,1803,L,1.25,1.3,1.38,180,1266.0,1423.0,1423.0
Tozeur,ISET Tozeur,Licence Appliquée Informatique,1804,M,1.28,1.32,1.4,180,1266.0,1423.0,1423.0
Tozeur,ISET Tozeur,Licence Appliquée Informatique,1804,I,1.12,1.18,1.25,180,1266.0,1423.0,1423.0
Tozeur,ISET Tozeur,Licence Tourisme et Hôtellerie,1805,E,1.1,1.15,1.22,180,1266.0,1423.0,1423.0
Kébili,ISET Kébili,Licence Appliquée Informatique,2601,M,1.1,1.15,1.22,260,1266.0,1423.0,1423.0
Kébili,ISET Kébili,Licence Appliquée Informatique,2601,I,0.95,1.0,1.08,260,1266.0,1423.0,1423.0
Kébili,ISET Kébili,Licence Génie Électrique,2602,T,1.0,1.05,1.12,260,1266.0,1423.0,1423.0
Kébili,ISET Kébili,Licence Énergies Renouvelables,2603,T,1.05,1.1,1.18,260,1266.0,1423.0,1423.0
Kébili,ISL Kébili,Licence Droit,2604,L,0.9,0.95,1.02,260,1266.0,1423.0,1423.0
